{
  "comentsproducts": [
    {
      "id": 1,
      "usuario": "Maria Mendoza",
      "valoracion": 5,
      "comentario": "Muy bueno"
    },
    {
      "id": 2,
      "usuario": "Cynthia Ramirez",
      "valoracion": 6.7,
      "comentario": "Buen producto. Super recomendadisimo."
    },
    {
      "id": 3,
      "usuario": "Juliana Ordeñaz",
      "valoracion": "3.3",
      "comentario": "kskskskksskks"
    },
    {
      "id": 4,
      "usuario": "Eliza Weing",
      "valoracion": "3.4",
      "comentario": "juususu"
    },
    {
      "id": 5,
      "usuario": "Sarai SKI",
      "valoracion": "1.3",
      "comentario": "Malo"
    },
    {
      "id": 6,
      "usuario": "Juesoa",
      "valoracion": "2.5",
      "comentario": "jjdjdjjd"
    },
    {
      "id": 7,
      "usuario": "euueuueeu",
      "valoracion": "4.5",
      "comentario": "jjdjdjdd"
    },
    {
      "id": 8,
      "usuario": "euumsnsn",
      "valoracion": "1.5",
      "comentario": "kakakajaj"
    }
  ],
  "userlogin": [
    {
      "id": 1,
      "email": "m_mendoza@gmail.com",
      "password": "1234567893"
    },
    {
      "id": 2,
      "email": "cdoyley_m57g@boxe.life",
      "password": "jsjsjjs"
    },
    {
      "id": 3,
      "email": "cdoyley_m57g@boxe.life",
      "password": "873783202"
    }
  ],
  "comentsconsultora": [
    {
      "id": 1,
      "usuario": "Maria Mendoza",
      "comentario": "Muy bueno"
    },
    {
      "id": 2,
      "usuario": "Cynthia Ramirez",
      "comentario": " Super recomendadisimo."
    }
  ],
  "cliente": [
    {
      "id": 1,
      "nombre": "Maria Mendoza",
      "apellido": "Ramirez Garay",
      "email": "cdoyley_m57g@boxe.life",
      "password": "jsjsjjs"
    },
    {
      "id": 2,
      "nombre": "Lizbeth Victoria",
      "apellido": "Garibay Ayma",
      "email": "garilizbeth@gmail.com",
      "password": "larryisreal"
    }
  ],
  "consultora": [
    {
      "id": 1,
      "nombre": "Roxana",
      "apellido": " Fernandez",
      "empresa": " Mary Kay",
      "email": "cfhjeo387g@boxe.life",
      "password": "4492020202"
    },
    {
      "id": 2,
      "nombre": "Sara",
      "apellido": "Velarde Jerí",
      "empresa": "Mary Kay",
      "email": "uferryw_a893j@fizxo.com",
      "password": "38448449494"
    }
  ]
}